{
  "buildCommand": "npm run build",
  "outputDirectory": "dist/spa",
  "installCommand": "npm install --legacy-peer-deps",
  "rewrites": [
    {
      "source": "/api/(.*)",
      "destination": "/api/$1"
    },
    {
      "source": "/(.*)",
      "destination": "/index.html"
    }
  ],
  "headers": [
    {
      "source": "/(.*)",
      "headers": [
        {
          "key": "X-Content-Type-Options",
          "value": "nosniff"
        },
        {
          "key": "X-Frame-Options",
          "value": "DENY"
        },
        {
          "key": "X-XSS-Protection",
          "value": "1; mode=block"
        }
      ]
    }
  ]
}
